State,year,medicaid_expenditure,chip_expenditure,total_expenditure
Alabama,2014,5242500566.0,22560094,5265060660.0
Alabama,2015,5264823220.0,118749571,5383572791.0
Alabama,2016,5435036771.0,109392882,5544429653.0
Alabama,2017,5562217922.0,132129849,5694347771.0
Alabama,2018,5546416592.0,140952319,5687368911.0
Alabama,2019,5880233770.0,148458778,6028692548.0
Alabama,2020,6096166669.0,129373237,6225539906.0
Alabama,2021,6606318076.0,163989798,6770307874.0
Alabama,2022,7166453694.0,192302415,7358756109.0
Alabama,2023,7829656078.0,207197995,8036854073.0
Alabama,2024,8109366769.0,187160241,8296527010.0
Alaska,2014,1412407094.0,28881098,1441288192.0
Alaska,2015,1405373754.0,21427546,1426801300.0
Alaska,2016,1785355973.0,30781323,1816137296.0
Alaska,2017,1961572200.0,29676414,1991248614.0
Alaska,2018,2033389399.0,28879330,2062268729.0
Alaska,2019,2096340139.0,33269893,2129610032.0
Alaska,2020,2019250659.0,27674004,2046924663.0
Alaska,2021,2144763808.0,22909672,2167673480.0
Alaska,2022,2435528905.0,23834044,2459362949.0
Alaska,2023,2530260279.0,23374949,2553635228.0
Alaska,2024,2715115339.0,32297742,2747413081.0
American Samoa,2014,24755108.0,1705008,26460116.0
American Samoa,2015,30156986.0,2135782,32292768.0
American Samoa,2016,32915150.0,2654636,35569786.0
American Samoa,2017,33219896.0,3681451,36901347.0
American Samoa,2018,33648007.0,4796225,38444232.0
American Samoa,2019,52551662.0,2491160,55042822.0
American Samoa,2020,48358967.0,5775810,54134777.0
American Samoa,2021,46973938.0,7036454,54010392.0
American Samoa,2022,68475260.0,8367214,76842474.0
American Samoa,2023,59932077.0,10758371,70690448.0
American Samoa,2024,56924210.0,8233819,65158029.0
Arizona,2014,9184808597.0,50847521,9235656118.0
Arizona,2015,10617725498.0,111199854,10728925352.0
Arizona,2016,11118985133.0,184111656,11303096789.0
Arizona,2017,11823748029.0,175716493,11999464522.0
Arizona,2018,12132120126.0,174284472,12306404598.0
Arizona,2019,13167873159.0,158538980,13326412139.0
Arizona,2020,14380097500.0,154028858,14534126358.0
Arizona,2021,17585138173.0,207260105,17792398278.0
Arizona,2022,20257896179.0,217791183,20475687362.0
Arizona,2023,22183972139.0,206762256,22390734395.0
Arizona,2024,19966362750.0,205136230,20171498980.0
Arkansas,2014,4840075746.0,72869039,4912944785.0
Arkansas,2015,5469511577.0,167566672,5637078249.0
Arkansas,2016,5955864929.0,-8651645,5947213284.0
Arkansas,2017,6363923522.0,61787104,6425710626.0
Arkansas,2018,6308079740.0,56791842,6364871582.0
Arkansas,2019,6842930884.0,63835241,6906766125.0
Arkansas,2020,6619665977.0,76146205,6695812182.0
Arkansas,2021,7135715024.0,87057658,7222772682.0
Arkansas,2022,8533079808.0,100545500,8633625308.0
Arkansas,2023,8605196491.0,98735996,8703932487.0
Arkansas,2024,7789473294.0,102047659,7891520953.0
California,2014,63383947702.0,1829883930,65213831632.0
California,2015,84983400530.0,1995438991,86978839521.0
California,2016,83175819924.0,2788977356,85964797280.0
California,2017,82384159833.0,3702660802,86086820635.0
California,2018,82452158773.0,2926687183,85378845956.0
California,2019,87855979661.0,3474364189,91330343850.0
California,2020,97209600476.0,3540206293,100749806769.0
California,2021,108748132753.0,3789541678,112537674431.0
California,2022,117884562290.0,4028750684,121913312974.0
California,2023,122733821782.31,3906032275,126639854057.31
California,2024,148772636090.1,5226221832,153998857922.1
Colorado,2014,5919113049.0,59304073,5978417122.0
Colorado,2015,7301119320.0,112624471,7413743791.0
Colorado,2016,7885768808.0,112955345,7998724153.0
Colorado,2017,7805267931.0,94461607,7899729538.0
Colorado,2018,8925796867.0,106624764,9032421631.0
Colorado,2019,9201828436.0,143872549,9345700985.0
Colorado,2020,9571142660.0,109301321,9680443981.0
Colorado,2021,10693728321.0,149444215,10843172536.0
Colorado,2022,11873695582.0,176788153,12050483735.0
Colorado,2023,12804321510.0,186429903,12990751413.0
Colorado,2024,13754375105.0,165918667,13920293772.0
Connecticut,2014,6820658024.0,0,6820658024.0
Connecticut,2015,7183360060.0,0,7183360060.0
Connecticut,2016,7344137284.0,0,7344137284.0
Connecticut,2017,7401263576.0,0,7401263576.0
Connecticut,2018,8175809143.0,0,8175809143.0
Connecticut,2019,8168318604.0,0,8168318604.0
Connecticut,2020,8488113264.0,0,8488113264.0
Connecticut,2021,9249509783.0,0,9249509783.0
Connecticut,2022,9671697756.0,0,9671697756.0
Connecticut,2023,10325691733.0,0,10325691733.0
Connecticut,2024,10835314555.0,0,10835314555.0
Delaware,2014,1691771386.0,116674,1691888060.0
Delaware,2015,1860130571.0,16617618,1876748189.0
Delaware,2016,1883220982.0,4205486,1887426468.0
Delaware,2017,2133796292.0,4723792,2138520084.0
Delaware,2018,2237920184.0,5338987,2243259171.0
Delaware,2019,2245537767.0,5772944,2251310711.0
Delaware,2020,2376240280.0,5667104,2381907384.0
Delaware,2021,2413163883.0,7662970,2420826853.0
Delaware,2022,3136940055.0,9281320,3146221375.0
Delaware,2023,3339783691.0,10498468,3350282159.0
Delaware,2024,3201110676.0,9240247,3210350923.0
District of Columbia,2014,2367792161.0,19903372,2387695533.0
District of Columbia,2015,2369871903.0,23310963,2393182866.0
District of Columbia,2016,2761584285.0,36318705,2797902990.0
District of Columbia,2017,2783205645.0,34549177,2817754822.0
District of Columbia,2018,2804976949.0,43795659,2848772608.0
District of Columbia,2019,2892033951.0,53492725,2945526676.0
District of Columbia,2020,3116473398.0,59702589,3176175987.0
District of Columbia,2021,3344903713.0,58452179,3403355892.0
District of Columbia,2022,3647665830.0,59593214,3707259044.0
District of Columbia,2023,4128553265.0,55735454,4184288719.0
District of Columbia,2024,4137819497.0,66792762,4204612259.0
Florida,2014,20071046616.0,126705419,20197752035.0
Florida,2015,21320462370.0,148192467,21468654837.0
Florida,2016,21689957388.0,256986776,21946944164.0
Florida,2017,23169178008.0,302189946,23471367954.0
Florida,2018,22893250365.0,298971930,23192222295.0
Florida,2019,24384268451.0,284849728,24669118179.0
Florida,2020,25287463190.0,289649473,25577112663.0
Florida,2021,28041254009.0,327578330,28368832339.0
Florida,2022,32667454330.0,448028152,33115482482.0
Florida,2023,34193930124.0,505374739,34699304863.0
Florida,2024,34969221636.0,511723365,35480945001.0
Georgia,2014,9396958654.0,0,9396958654.0
Georgia,2015,9664791833.0,96867375,9761659208.0
Georgia,2016,9723814007.0,93546698,9817360705.0
Georgia,2017,10105996059.0,110007623,10216003682.0
Georgia,2018,10839404783.0,130499108,10969903891.0
Georgia,2019,10851623393.0,135053420,10986676813.0
Georgia,2020,11298595472.0,138564837,11437160309.0
Georgia,2021,12210335666.0,148703959,12359039625.0
Georgia,2022,14339599611.0,151328782,14490928393.0
Georgia,2023,15936633577.0,165178788,16101812365.0
Georgia,2024,14870296553.0,123186290,14993482843.0
Guam,2014,73626052.0,6723812,80349864.0
Guam,2015,73464779.0,8141898,81606677.0
Guam,2016,66863899.0,26016366,92880265.0
Guam,2017,79339659.0,32754057,112093716.0
Guam,2018,82077146.0,33227712,115304858.0
Guam,2019,113109284.0,34592641,147701925.0
Guam,2020,131306973.0,29152647,160459620.0
Guam,2021,121247856.0,1333333,122581189.0
Guam,2022,167053407.0,1333333,168386740.0
Guam,2023,180050749.0,1333333,181384082.0
Guam,2024,188113389.0,35676549,223789938.0
Hawaii,2014,1949895249.0,54644923,2004540172.0
Hawaii,2015,1957983075.0,46268884,2004251959.0
Hawaii,2016,2156012061.0,51445463,2207457524.0
Hawaii,2017,2338436723.0,64681393,2403118116.0
Hawaii,2018,2213115909.0,62961517,2276077426.0
Hawaii,2019,2178370796.0,55184593,2233555389.0
Hawaii,2020,2330861339.0,60369021,2391230360.0
Hawaii,2021,2787226892.0,64707537,2851934429.0
Hawaii,2022,2990024469.0,68912045,3058936514.0
Hawaii,2023,2998266333.0,67969900,3066236233.0
Hawaii,2024,3048230386.0,71454487,3119684873.0
Idaho,2014,1585631105.0,27182940,1612814045.0
Idaho,2015,1715448736.0,10017075,1725465811.0
Idaho,2016,1689500076.0,12828003,1702328079.0
Idaho,2017,1822302321.0,12243693,1834546014.0
Idaho,2018,1901290685.0,7724669,1909015354.0
Idaho,2019,2143001207.0,7006075,2150007282.0
Idaho,2020,2486061085.0,6627684,2492688769.0
Idaho,2021,2872809060.0,2766216,2875575276.0
Idaho,2022,3195270944.0,-4106198,3191164746.0
Idaho,2023,3539117454.0,-4824584,3534292870.0
Idaho,2024,3893210477.0,4185711,3897396188.0
Illinois,2014,16616392364.0,125596747,16741989111.0
Illinois,2015,16938472430.0,115686708,17054159138.0
Illinois,2016,19178940763.0,148343153,19327283916.0
Illinois,2017,15054073075.0,100416246,15154489321.0
Illinois,2018,22194828973.0,220096231,22414925204.0
Illinois,2019,18470094556.0,144602439,18614696995.0
Illinois,2020,22387970467.0,222299675,22610270142.0
Illinois,2021,26827868427.0,249461838,27077330265.0
Illinois,2022,25956045305.0,266250716,26222296021.0
Illinois,2023,32190728327.0,551653525,32742381852.0
Illinois,2024,32464090021.0,649695002,33113785023.0
Indiana,2014,9094042848.0,106025195,9200068043.0
Indiana,2015,9249771996.0,104325752,9354097748.0
Indiana,2016,10371904061.0,110174812,10482078873.0
Indiana,2017,11106189855.0,149560485,11255750340.0
Indiana,2018,11241808216.0,177086025,11418894241.0
Indiana,2019,12439243969.0,163813551,12603057520.0
Indiana,2020,14269009974.0,186224551,14455234525.0
Indiana,2021,16662338954.0,168328638,16830667592.0
Indiana,2022,16850885790.0,175316306,17026202096.0
Indiana,2023,17278391501.0,237602917,17515994418.0
Indiana,2024,19423914901.0,284188260,19708103161.0
Iowa,2014,3921556276.0,32660339,3954216615.0
Iowa,2015,4476316992.0,34579939,4510896931.0
Iowa,2016,4716461091.0,30511513,4746972604.0
Iowa,2017,4065931964.0,29579710,4095511674.0
Iowa,2018,4828425247.0,35846444,4864271691.0
Iowa,2019,5199821191.0,38187870,5238009061.0
Iowa,2020,5822570106.0,39977047,5862547153.0
Iowa,2021,5926977802.0,40840327,5967818129.0
Iowa,2022,6614098328.0,44398763,6658497091.0
Iowa,2023,6776760824.0,50872595,6827633419.0
Iowa,2024,8689318601.0,80444653,8769763254.0
Kansas,2014,2727710336.0,1026696,2728737032.0
Kansas,2015,3010910864.0,158216,3011069080.0
Kansas,2016,3252725194.0,16556218,3269281412.0
Kansas,2017,3214420673.0,26548259,3240968932.0
Kansas,2018,3437703549.0,28519585,3466223134.0
Kansas,2019,3601873235.0,31943329,3633816564.0
Kansas,2020,3829902734.0,31543809,3861446543.0
Kansas,2021,4061376155.0,36933716,4098309871.0
Kansas,2022,4301338042.0,38478015,4339816057.0
Kansas,2023,5193350486.0,38086488,5231436974.0
Kansas,2024,5167987458.0,41306463,5209293921.0
Kentucky,2014,7794346855.0,102759246,7897106101.0
Kentucky,2015,9423467372.0,130467064,9553934436.0
Kentucky,2016,9609364927.0,141781633,9751146560.0
Kentucky,2017,9527255650.0,125986423,9653242073.0
Kentucky,2018,9801380491.0,122105761,9923486252.0
Kentucky,2019,10207733005.0,134909722,10342642727.0
Kentucky,2020,11905613440.0,146542660,12052156100.0
Kentucky,2021,14485962106.0,179732001,14665694107.0
Kentucky,2022,14590469639.0,238833658,14829303297.0
Kentucky,2023,16298820904.0,398428859,16697249763.0
Kentucky,2024,17878704523.0,468663705,18347368228.0
Louisiana,2014,7055593669.0,170977512,7226571181.0
Louisiana,2015,7863181815.0,179357981,8042539796.0
Louisiana,2016,8536666882.0,270089403,8806756285.0
Louisiana,2017,10913541197.0,276564349,11190105546.0
Louisiana,2018,10835742015.0,277320500,11113062515.0
Louisiana,2019,11642038286.0,314748264,11956786550.0
Louisiana,2020,12559462713.0,322257472,12881720185.0
Louisiana,2021,13256442445.0,367506104,13623948549.0
Louisiana,2022,14673978206.0,401123548,15075101754.0
Louisiana,2023,16206573085.0,614255088,16820828173.0
Louisiana,2024,16665231244.0,662317125,17327548369.0
Maine,2014,2365417230.0,17325755,2382742985.0
Maine,2015,2477405878.0,18691421,2496097299.0
Maine,2016,2490164925.0,19667138,2509832063.0
Maine,2017,2565081585.0,20481095,2585562680.0
Maine,2018,2686772711.0,18621033,2705393744.0
Maine,2019,2867136972.0,17685869,2884822841.0
Maine,2020,3208972015.0,21034217,3230006232.0
Maine,2021,3344325038.0,24970160,3369295198.0
Maine,2022,3785788570.0,29607023,3815395593.0
Maine,2023,4100961967.0,39835288,4140797255.0
Maine,2024,4526919083.0,75380694,4602299777.0
Maryland,2014,9210329395.0,271301189,9481630584.0
Maryland,2015,9410240087.0,289010064,9699250151.0
Maryland,2016,10398319397.0,290190510,10688509907.0
Maryland,2017,11161406671.0,315350840,11476757511.0
Maryland,2018,11417338026.0,348427293,11765765319.0
Maryland,2019,11730186550.0,387302021,12117488571.0
Maryland,2020,11901582041.0,334730881,12236312922.0
Maryland,2021,13382585628.0,391751441,13774337069.0
Maryland,2022,14343522494.0,439352940,14782875434.0
Maryland,2023,16916738529.0,494499625,17411238154.0
Maryland,2024,17750977838.0,565224344,18316202182.0
Massachusetts,2014,14250839665.0,244109402,14494949067.0
Massachusetts,2015,15378247995.0,271696086,15649944081.0
Massachusetts,2016,16990908511.0,281614975,17272523486.0
Massachusetts,2017,17120855005.0,287538432,17408393437.0
Massachusetts,2018,17655414020.0,292042948,17947456968.0
Massachusetts,2019,17412670180.0,269184100,17681854280.0
Massachusetts,2020,17967352114.0,244820274,18212172388.0
Massachusetts,2021,19909697384.0,353611423,20263308807.0
Massachusetts,2022,20864779727.0,391622683,21256402410.0
Massachusetts,2023,23228189899.0,480564651,23708754550.0
Massachusetts,2024,24810177871.0,379519191,25189697062.0
Michigan,2014,13502617518.0,22273724,13524891242.0
Michigan,2015,15867358420.0,218635340,16085993760.0
Michigan,2016,16714754874.0,209295203,16924050077.0
Michigan,2017,16711203272.0,228935586,16940138858.0
Michigan,2018,16286594101.0,232804045,16519398146.0
Michigan,2019,18257869906.0,268631405,18526501311.0
Michigan,2020,19110820883.0,256480888,19367301771.0
Michigan,2021,20723983781.0,280702089,21004685870.0
Michigan,2022,21023267979.0,305815092,21329083071.0
Michigan,2023,22991355684.0,375531140,23366886824.0
Michigan,2024,24459688035.0,582295390,25041983425.0
Minnesota,2014,9834459896.0,113847,9834573743.0
Minnesota,2015,10704500992.0,1095715,10705596707.0
Minnesota,2016,10893812759.0,1679798,10895492557.0
Minnesota,2017,11351993115.0,1657634,11353650749.0
Minnesota,2018,12324543789.0,1747042,12326290831.0
Minnesota,2019,12720672282.0,1316931,12721989213.0
Minnesota,2020,13611654951.0,1697327,13613352278.0
Minnesota,2021,14844071687.0,1270799,14845342486.0
Minnesota,2022,16158756247.0,1548263,16160304510.0
Minnesota,2023,18315485685.0,1439115,18316924800.0
Minnesota,2024,18407749783.0,298476,18408048259.0
Mississippi,2014,4865309235.0,0,4865309235.0
Mississippi,2015,5136317498.0,58058271,5194375769.0
Mississippi,2016,5397714759.0,114442179,5512156938.0
Mississippi,2017,5462308168.0,108098390,5570406558.0
Mississippi,2018,5278728403.0,103625550,5382353953.0
Mississippi,2019,5506770865.0,97508486,5604279351.0
Mississippi,2020,5596349573.0,95475023,5691824596.0
Mississippi,2021,5738901095.0,92297342,5831198437.0
Mississippi,2022,5943740111.0,86247741,6029987852.0
Mississippi,2023,6324317586.0,85606107,6409923693.0
Mississippi,2024,7154286312.0,81168365,7235454677.0
Missouri,2014,8828757766.0,113838270,8942596036.0
Missouri,2015,9518489904.0,106304991,9624794895.0
Missouri,2016,9811515212.0,93000090,9904515302.0
Missouri,2017,10095843109.0,125329706,10221172815.0
Missouri,2018,10296294908.0,139105592,10435400500.0
Missouri,2019,10534803881.0,145389383,10680193264.0
Missouri,2020,10905114581.0,163608622,11068723203.0
Missouri,2021,11436249176.0,172026373,11608275549.0
Missouri,2022,13013125297.0,183968319,13197093616.0
Missouri,2023,15864615465.0,237693182,16102308647.0
Missouri,2024,15891669916.0,269814979,16161484895.0
Montana,2014,1072160721.0,27402776,1099563497.0
Montana,2015,1132392709.0,26101368,1158494077.0
Montana,2016,1361662906.0,23502901,1385165807.0
Montana,2017,1772437233.0,21375246,1793812479.0
Montana,2018,1830172657.0,9844830,1840017487.0
Montana,2019,1857962976.0,30449679,1888412655.0
Montana,2020,1992926465.0,10128211,2003054676.0
Montana,2021,2159386283.0,16731171,2176117454.0
Montana,2022,2343639013.0,18613990,2362253003.0
Montana,2023,2338762637.0,18166926,2356929563.0
Montana,2024,2369609304.0,23625771,2393235075.0
N. Mariana Islands,2014,33607538.0,1056476,34664014.0
N. Mariana Islands,2015,26562678.0,1023593,27586271.0
N. Mariana Islands,2016,36052090.0,6356935,42409025.0
N. Mariana Islands,2017,29887537.0,10244950,40132487.0
N. Mariana Islands,2018,44292384.0,11401221,55693605.0
N. Mariana Islands,2019,59151342.0,5923335,65074677.0
N. Mariana Islands,2020,41937624.0,16347869,58285493.0
N. Mariana Islands,2021,69197720.0,11264687,80462407.0
N. Mariana Islands,2022,73254850.0,19691826,92946676.0
N. Mariana Islands,2023,86034771.0,15160561,101195332.0
N. Mariana Islands,2024,93499284.0,17900779,111400063.0
Nebraska,2014,1771909070.0,68549147,1840458217.0
Nebraska,2015,1846405999.0,67121666,1913527665.0
Nebraska,2016,1968891548.0,63988762,2032880310.0
Nebraska,2017,2041523592.0,72165190,2113688782.0
Nebraska,2018,2126639801.0,75707831,2202347632.0
Nebraska,2019,2141794131.0,80764490,2222558621.0
Nebraska,2020,2290915253.0,80736992,2371652245.0
Nebraska,2021,3043286947.0,99534812,3142821759.0
Nebraska,2022,3295908995.0,96194542,3392103537.0
Nebraska,2023,3748830826.0,99290792,3848121618.0
Nebraska,2024,3646271928.0,111924549,3758196477.0
Nevada,2014,2281105301.0,6257085,2287362386.0
Nevada,2015,3105613113.0,15185905,3120799018.0
Nevada,2016,3335480165.0,19192114,3354672279.0
Nevada,2017,3530342184.0,21729920,3552072104.0
Nevada,2018,3922474284.0,21595632,3944069916.0
Nevada,2019,3978540873.0,23411710,4001952583.0
Nevada,2020,4119506708.0,34197098,4153703806.0
Nevada,2021,4735008193.0,30792209,4765800402.0
Nevada,2022,5052662737.0,59664325,5112327062.0
Nevada,2023,5571967956.0,71704543,5643672499.0
Nevada,2024,5915435332.0,52723226,5968158558.0
New Hampshire,2014,1322700772.0,15554981,1338255753.0
New Hampshire,2015,1716225884.0,28935348,1745161232.0
New Hampshire,2016,1948727991.0,26365304,1975093295.0
New Hampshire,2017,2055479922.0,34502173,2089982095.0
New Hampshire,2018,2150375296.0,33051590,2183426886.0
New Hampshire,2019,1985132112.0,33935549,2019067661.0
New Hampshire,2020,2252876680.0,42351079,2295227759.0
New Hampshire,2021,2381983996.0,48842655,2430826651.0
New Hampshire,2022,2460870676.0,58250192,2519120868.0
New Hampshire,2023,2444300232.0,67764643,2512064875.0
New Hampshire,2024,2454248383.0,55381966,2509630349.0
New Jersey,2014,12470313962.0,208098248,12678412210.0
New Jersey,2015,14049422255.0,216654093,14266076348.0
New Jersey,2016,14319021372.0,230828210,14549849582.0
New Jersey,2017,14743851829.0,240955640,14984807469.0
New Jersey,2018,14843185053.0,246439386,15089624439.0
New Jersey,2019,15908523928.0,263928893,16172452821.0
New Jersey,2020,16411726557.0,289472074,16701198631.0
New Jersey,2021,18952810634.0,346016919,19298827553.0
New Jersey,2022,20872611334.0,358889323,21231500657.0
New Jersey,2023,22309832720.0,369796216,22679628936.0
New Jersey,2024,23110303360.0,344945915,23455249275.0
New Mexico,2014,4168980357.0,75750473,4244730830.0
New Mexico,2015,4920345001.0,113569000,5033914001.0
New Mexico,2016,5339766195.0,122454615,5462220810.0
New Mexico,2017,4804465265.0,105375356,4909840621.0
New Mexico,2018,5112309656.0,94644392,5206954048.0
New Mexico,2019,5262891223.0,100241277,5363132500.0
New Mexico,2020,6287136348.0,111762411,6398898759.0
New Mexico,2021,6868750735.0,125649568,6994400303.0
New Mexico,2022,8257965730.0,129919347,8387885077.0
New Mexico,2023,8105771112.0,135203469,8240974581.0
New Mexico,2024,7923702120.0,142593322,8066295442.0
New York,2014,53021111200.0,619900051,53641011251.0
New York,2015,57896956615.0,617573499,58514530114.0
New York,2016,60995857591.0,653996048,61649853639.0
New York,2017,76398082879.0,665795163,77063878042.0
New York,2018,73030082745.0,764425681,73794508426.0
New York,2019,58094211692.0,814632300,58908843992.0
New York,2020,70674153157.0,784687244,71458840401.0
New York,2021,71121854348.0,772447354,71894301702.0
New York,2022,80518406335.0,868073017,81386479352.0
New York,2023,92444864932.0,857844236,93302709168.0
New York,2024,94460795749.0,1554511273,96015307022.0
North Carolina,2014,11992545816.0,184677125,12177222941.0
North Carolina,2015,13212668475.0,253618845,13466287320.0
North Carolina,2016,12157764904.0,251437020,12409201924.0
North Carolina,2017,13336810348.0,259586534,13596396882.0
North Carolina,2018,13339097405.0,261559441,13600656846.0
North Carolina,2019,13595881059.0,306552907,13902433966.0
North Carolina,2020,14778330531.0,320516476,15098847007.0
North Carolina,2021,16732381973.0,439109252,17171491225.0
North Carolina,2022,18403697744.0,567968371,18971666115.0
North Carolina,2023,19325608483.0,758104330,20083712813.0
North Carolina,2024,28887230741.0,1111027182,29998257923.0
North Dakota,2014,401983986.0,11377762,413361748.0
North Dakota,2015,1085776090.0,12357506,1098133596.0
North Dakota,2016,1162904244.0,13123609,1176027853.0
North Dakota,2017,1216183814.0,17745462,1233929276.0
North Dakota,2018,1222239306.0,19002046,1241241352.0
North Dakota,2019,1163970291.0,19058027,1183028318.0
North Dakota,2020,1274342537.0,18177862,1292520399.0
North Dakota,2021,1370853176.0,27984818,1398837994.0
North Dakota,2022,1524148076.0,24986376,1549134452.0
North Dakota,2023,1515216578.0,27573342,1542789920.0
North Dakota,2024,1403466725.0,32875251,1436341976.0
Ohio,2014,19439277855.0,367024221,19806302076.0
Ohio,2015,21423012674.0,346691656,21769704330.0
Ohio,2016,21473065804.0,376231388,21849297192.0
Ohio,2017,23055842742.0,535928828,23591771570.0
Ohio,2018,21743887373.0,480139456,22224026829.0
Ohio,2019,23465691647.0,497848525,23963540172.0
Ohio,2020,25194454160.0,522221860,25716676020.0
Ohio,2021,27416270572.0,595029463,28011300035.0
Ohio,2022,30024849008.0,658023170,30682872178.0
Ohio,2023,31665985589.0,712154556,32378140145.0
Ohio,2024,33987517237.0,785563419,34773080656.0
Oklahoma,2014,4666284967.0,170401177,4836686144.0
Oklahoma,2015,4703038531.0,155159073,4858197604.0
Oklahoma,2016,4460334118.0,228815829,4689149947.0
Oklahoma,2017,4630014393.0,234638007,4864652400.0
Oklahoma,2018,4433479661.0,238405209,4671884870.0
Oklahoma,2019,4760177632.0,265206157,5025383789.0
Oklahoma,2020,4971314398.0,285319197,5256633595.0
Oklahoma,2021,5333355495.0,285088911,5618444406.0
Oklahoma,2022,7523240743.0,290987038,7814227781.0
Oklahoma,2023,8604968217.0,351267671,8956235888.0
Oklahoma,2024,9039451464.0,296543411,9335994875.0
Oregon,2014,6784093516.0,0,6784093516.0
Oregon,2015,8027137262.0,5367328,8032504590.0
Oregon,2016,8316707109.0,54071627,8370778736.0
Oregon,2017,8312733407.0,83647714,8396381121.0
Oregon,2018,8877365993.0,103834135,8981200128.0
Oregon,2019,9426870932.0,120837884,9547708816.0
Oregon,2020,10660624000.0,123192586,10783816586.0
Oregon,2021,11182759815.0,130086808,11312846623.0
Oregon,2022,13083208627.0,147628935,13230837562.0
Oregon,2023,14667985607.0,153069354,14821054961.0
Oregon,2024,16040344828.0,544457161,16584801989.0
Pennsylvania,2014,23461728946.0,35763825,23497492771.0
Pennsylvania,2015,23223615661.0,63618521,23287234182.0
Pennsylvania,2016,27350279117.0,192034799,27542313916.0
Pennsylvania,2017,28081163760.0,267412982,28348576742.0
Pennsylvania,2018,29863557849.0,262634774,30126192623.0
Pennsylvania,2019,32079703325.0,317561090,32397264415.0
Pennsylvania,2020,34964896749.0,354154639,35319051388.0
Pennsylvania,2021,37182173112.0,409093188,37591266300.0
Pennsylvania,2022,41178251107.0,411757756,41590008863.0
Pennsylvania,2023,43766971978.0,428435458,44195407436.0
Pennsylvania,2024,43221817294.0,362606179,43584423473.0
Puerto Rico,2014,1841675435.0,214867375,2056542810.0
Puerto Rico,2015,2280444495.0,184078433,2464522928.0
Puerto Rico,2016,2393857978.0,190038591,2583896569.0
Puerto Rico,2017,2317682931.0,184327741,2502010672.0
Puerto Rico,2018,2393147149.0,189484863,2582632012.0
Puerto Rico,2019,2452962312.0,101735027,2554697339.0
Puerto Rico,2020,2745413942.0,112252418,2857666360.0
Puerto Rico,2021,3235411093.0,128535291,3363946384.0
Puerto Rico,2022,5097773472.0,217026550,5314800022.0
Puerto Rico,2023,3868555513.0,152345212,4020900725.0
Puerto Rico,2024,4709128934.0,95398295,4804527229.0
Rhode Island,2014,2436946880.0,42738000,2479684880.0
Rhode Island,2015,2584840295.0,68098822,2652939117.0
Rhode Island,2016,2411382026.0,62326944,2473708970.0
Rhode Island,2017,2623111291.0,22491599,2645602890.0
Rhode Island,2018,2620033271.0,85148124,2705181395.0
Rhode Island,2019,2586208738.0,108673738,2694882476.0
Rhode Island,2020,2810004409.0,86692467,2896696876.0
Rhode Island,2021,3003255442.0,72126238,3075381680.0
Rhode Island,2022,3392593755.0,103518267,3496112022.0
Rhode Island,2023,3448572775.0,113264600,3561837375.0
Rhode Island,2024,3508782597.0,137717444,3646500041.0
South Carolina,2014,5321038897.0,134011578,5455050475.0
South Carolina,2015,5767691574.0,149179830,5916871404.0
South Carolina,2016,5941185838.0,132728444,6073914282.0
South Carolina,2017,5963952005.0,158145607,6122097612.0
South Carolina,2018,6006492924.0,163049098,6169542022.0
South Carolina,2019,6305731666.0,189313235,6495044901.0
South Carolina,2020,6651671712.0,200356454,6852028166.0
South Carolina,2021,7017110878.0,211233140,7228344018.0
South Carolina,2022,7544266509.0,216076350,7760342859.0
South Carolina,2023,8451464561.0,201128316,8652592877.0
South Carolina,2024,9726541323.0,215022664,9941563987.0
South Dakota,2014,778125953.0,16559997,794685950.0
South Dakota,2015,805740131.0,18223849,823963980.0
South Dakota,2016,832399125.0,20649126,853048251.0
South Dakota,2017,851154180.0,22696188,873850368.0
South Dakota,2018,865504172.0,23428594,888932766.0
South Dakota,2019,899072690.0,23025939,922098629.0
South Dakota,2020,926188243.0,24408284,950596527.0
South Dakota,2021,993783946.0,23746892,1017530838.0
South Dakota,2022,1246309725.0,29501630,1275811355.0
South Dakota,2023,1173484201.0,36065195,1209549396.0
South Dakota,2024,1498274373.0,34900832,1533175205.0
Tennessee,2014,9205069609.0,49505702,9254575311.0
Tennessee,2015,9094051961.0,52417154,9146469115.0
Tennessee,2016,9463742287.0,311022591,9774764878.0
Tennessee,2017,9088319089.0,42494450,9130813539.0
Tennessee,2018,9680798504.0,37687367,9718485871.0
Tennessee,2019,10091876637.0,78855435,10170732072.0
Tennessee,2020,11538272557.0,189008611,11727281168.0
Tennessee,2021,11097270878.0,237920697,11335191575.0
Tennessee,2022,11264609657.0,254433374,11519043031.0
Tennessee,2023,12469838770.0,366095313,12835934083.0
Tennessee,2024,13226205968.0,393711195,13619917163.0
Texas,2014,31385332042.0,165247968,31550580010.0
Texas,2015,34691253016.0,421783097,35113036113.0
Texas,2016,39563147154.0,437320291,40000467445.0
Texas,2017,35644874349.0,794043295,36438917644.0
Texas,2018,37585413327.0,546783269,38132196596.0
Texas,2019,40025676488.0,562896673,40588573161.0
Texas,2020,41798895649.0,591913794,42390809443.0
Texas,2021,45280678937.0,916179698,46196858635.0
Texas,2022,54941921302.0,1328049957,56269971259.0
Texas,2023,56514110478.0,705400012,57219510490.0
Texas,2024,47154858551.0,760654414,47915512965.0
Utah,2014,2064362848.0,15978385,2080341233.0
Utah,2015,2147978557.0,114216826,2262195383.0
Utah,2016,2100346398.0,83109244,2183455642.0
Utah,2017,2451642619.0,94404669,2546047288.0
Utah,2018,2421929601.0,87202506,2509132107.0
Utah,2019,2724326505.0,85925531,2810252036.0
Utah,2020,3084967869.0,88963716,3173931585.0
Utah,2021,3522910222.0,96607686,3619517908.0
Utah,2022,4211452614.0,102875730,4314328344.0
Utah,2023,4531351223.0,103559537,4634910760.0
Utah,2024,4907092673.0,124460967,5031553640.0
Vermont,2014,1526126311.0,6664271,1532790582.0
Vermont,2015,1632611663.0,9990424,1642602087.0
Vermont,2016,1679425056.0,9945738,1689370794.0
Vermont,2017,1600236799.0,12098851,1612335650.0
Vermont,2018,1595969592.0,12387579,1608357171.0
Vermont,2019,1637796926.0,14053465,1651850391.0
Vermont,2020,1616960203.0,13165905,1630126108.0
Vermont,2021,1673166756.0,13463355,1686630111.0
Vermont,2022,1884369967.0,15000973,1899370940.0
Vermont,2023,1997411908.0,15123935,2012535843.0
Vermont,2024,2132603719.0,17993640,2150597359.0
Virgin Islands,2014,70879624.0,5778625,76658249.0
Virgin Islands,2015,38872472.0,5452466,44324938.0
Virgin Islands,2016,57817182.0,6821662,64638844.0
Virgin Islands,2017,53582469.0,9044820,62627289.0
Virgin Islands,2018,59437714.0,11361879,70799593.0
Virgin Islands,2019,137693285.0,15252046,152945331.0
Virgin Islands,2020,77596122.0,11587298,89183420.0
Virgin Islands,2021,96038222.0,13770841,109809063.0
Virgin Islands,2022,137287976.0,3196010,140483986.0
Virgin Islands,2023,164402805.0,-9111655,155291150.0
Virgin Islands,2024,126276257.0,27114303,153390560.0
Virginia,2014,7547405238.0,130667160,7678072398.0
Virginia,2015,8032760161.0,119927592,8152687753.0
Virginia,2016,8498905069.0,126875085,8625780154.0
Virginia,2017,8987642645.0,137841835,9125484480.0
Virginia,2018,9562002903.0,174903537,9736906440.0
Virginia,2019,11307295979.0,199281349,11506577328.0
Virginia,2020,13512390024.0,201803539,13714193563.0
Virginia,2021,15790735684.0,216706775,16007442459.0
Virginia,2022,17823746172.0,222419069,18046165241.0
Virginia,2023,21121573951.0,298394071,21419968022.0
Virginia,2024,21783535305.0,280491500,22064026805.0
Washington,2014,7062533683.0,17186798,7079720481.0
Washington,2015,10494138618.0,28316844,10522455462.0
Washington,2016,10787810275.0,17827073,10805637348.0
Washington,2017,11892840575.0,34102638,11926943213.0
Washington,2018,12093602904.0,15070010,12108672914.0
Washington,2019,13128258799.0,26094995,13154353794.0
Washington,2020,13616067808.0,16122940,13632190748.0
Washington,2021,16776780834.0,37871011,16814651845.0
Washington,2022,17140713645.0,28114705,17168828350.0
Washington,2023,18341376203.0,16334707,18357710910.0
Washington,2024,20038047659.0,15642986,20053690645.0
West Virginia,2014,3331020307.0,3200581,3334220888.0
West Virginia,2015,3646548197.0,18312486,3664860683.0
West Virginia,2016,3655890862.0,15930281,3671821143.0
West Virginia,2017,4000838793.0,16169730,4017008523.0
West Virginia,2018,3854175868.0,24122327,3878298195.0
West Virginia,2019,3926176801.0,23315384,3949492185.0
West Virginia,2020,4145950758.0,23806507,4169757265.0
West Virginia,2021,4621996577.0,30314455,4652311032.0
West Virginia,2022,5183933490.0,33979521,5217913011.0
West Virginia,2023,5427180909.0,33918122,5461099031.0
West Virginia,2024,4890332627.0,31934733,4922267360.0
Wisconsin,2014,7396295700.0,111380131,7507675831.0
Wisconsin,2015,7893501866.0,100482776,7993984642.0
Wisconsin,2016,7626998105.0,85913234,7712911339.0
Wisconsin,2017,8049889736.0,96705713,8146595449.0
Wisconsin,2018,8768743868.0,106696748,8875440616.0
Wisconsin,2019,9132546898.0,96922678,9229469576.0
Wisconsin,2020,9345285225.0,113215460,9458500685.0
Wisconsin,2021,10293593549.0,110439755,10404033304.0
Wisconsin,2022,11429134969.0,108546799,11537681768.0
Wisconsin,2023,11983836909.0,107630083,12091466992.0
Wisconsin,2024,12226482492.0,115253230,12341735722.0
Wyoming,2014,539403281.0,727181,540130462.0
Wyoming,2015,558961575.0,1667685,560629260.0
Wyoming,2016,573809794.0,2428080,576237874.0
Wyoming,2017,591622270.0,2515572,594137842.0
Wyoming,2018,595439375.0,2686444,598125819.0
Wyoming,2019,584259094.0,2374696,586633790.0
Wyoming,2020,610632960.0,2618461,613251421.0
Wyoming,2021,588254128.0,7863707,596117835.0
Wyoming,2022,668371415.0,8842159,677213574.0
Wyoming,2023,715906959.0,10032531,725939490.0
Wyoming,2024,758941018.0,11551438,770492456.0
